Workbook

Sheet biology (2)
A1: StudentID | B1: Student name | C1: Exam name | D1: Exam date | E1: Exam points | F1: Strengths/weakness
A2: 1001 | B2: James Walker | C2: Biology | D2: 42526 | E2: 31 | F2: 0
A3: 1002 | B3: Velma Clemons | C3: Biology | D3: 42526 | E3: 43 | F3: 0
A4: 1003 | B4: Kibo Underwood | C4: Biology | D4: 42526 | E4: 81 | F4: 1
A5: 1004 | B5: Louis Mcgee | C5: Biology | D5: 42526 | E5: 11 | F5: 0
A6: 1005 | B6: Phyllis Paul | C6: Biology | D6: 42526 | E6: 18 | F6: 0
A7: 1006 | B7: Zenaida Decker | C7: Biology | D7: 42526 | E7: 55 | F7: 0
A8: 1007 | B8: Gillian Tillman | C8: Biology | D8: 42526 | E8: 38 | F8: 0
A9: 1008 | B9: Constance Boone | C9: Biology | D9: 42526 | E9: 16 | F9: 0
A10: 1009 | B10: Giselle Lancaster | C10: Biology | D10: 42526 | E10: 73 | F10: 1
A11: 1010 | B11: Kirsten Mcdowell | C11: Biology | D11: 42526 | E11: 16 | F11: 0
A12: 1011 | B12: Solomon Ray | C12: Biology | D12: 42526 | E12: 23 | F12: 0
A13: 1012 | B13: John Marshall | C13: Biology | D13: 42526 | E13: 55 | F13: 0
... A39: 1038 | B39: Yoshi Sherman | C39: Biology | D39: 42526 | E39: 48 | F39: 0

Sheet Biology
A1: StudentID | B1: Student name | C1: Exam name | D1: Exam date | E1: Exam points | F1: Strengths/weakness
A2: 1001 | B2: James Walker | C2: Biology | D2: 05/06/2016 | E2: 31 | F2: =IF(E2>=60,1,0) -> 0
A3: 1002 | B3: Velma Clemons | C3: Biology | D3: 05/06/2016 | E3: 43 | F3: =IF(E3>=60,1,0) -> 0
A4: 1003 | B4: Kibo Underwood | C4: Biology | D4: 05/06/2016 | E4: 81 | F4: =IF(E4>=60,1,0) -> 1
A5: 1004 | B5: Louis Mcgee | C5: Biology | D5: 05/06/2016 | E5: 11 | F5: =IF(E5>=60,1,0) -> 0
A6: 1005 | B6: Phyllis Paul | C6: Biology | D6: 05/06/2016 | E6: 18 | F6: =IF(E6>=60,1,0) -> 0
A7: 1006 | B7: Zenaida Decker | C7: Biology | D7: 05/06/2016 | E7: 55 | F7: =IF(E7>=60,1,0) -> 0
A8: 1007 | B8: Gillian Tillman | C8: Biology | D8: 05/06/2016 | E8: 38 | F8: =IF(E8>=60,1,0) -> 0
A9: 1008 | B9: Constance Boone | C9: Biology | D9: 05/06/2016 | E9: 16 | F9: =IF(E9>=60,1,0) -> 0
A10: 1009 | B10: Giselle Lancaster | C10: Biology | D10: 05/06/2016 | E10: 73 | F10: =IF(E10>=60,1,0) -> 1
A11: 1010 | B11: Kirsten Mcdowell | C11: Biology | D11: 05/06/2016 | E11: 16 | F11: =IF(E11>=60,1,0) -> 0
A12: 1011 | B12: Solomon Ray | C12: Biology | D12: 05/06/2016 | E12: 23 | F12: =IF(E12>=60,1,0) -> 0
A13: 1012 | B13: John Marshall | C13: Biology | D13: 05/06/2016 | E13: 55 | F13: =IF(E13>=60,1,0) -> 0
... A39: 1038 | B39: Yoshi Sherman | C39: Biology | D39: 05/06/2016 | E39: 48 | F39: =IF(E39>=60,1,0) -> 0

Sheet chemistry (2)
A1: StudentID | B1: Student name | C1: Exam name | D1: Exam date | E1: Exam points | F1: Strengths/weakness
A2: 1001 | B2: James Walker | C2: Chemistry | D2: 42536 | E2: 52 | F2: 0
A3: 1002 | B3: Velma Clemons | C3: Chemistry | D3: 42536 | E3: 20 | F3: 0
A4: 1003 | B4: Kibo Underwood | C4: Chemistry | D4: 42536 | E4: 32 | F4: 0
A5: 1004 | B5: Louis Mcgee | C5: Chemistry | D5: 42536 | E5: 19 | F5: 0
A6: 1005 | B6: Phyllis Paul | C6: Chemistry | D6: 42536 | E6: 61 | F6: 1
A7: 1006 | B7: Zenaida Decker | C7: Chemistry | D7: 42536 | E7: 34 | F7: 0
A8: 1007 | B8: Gillian Tillman | C8: Chemistry | D8: 42536 | E8: 9 | F8: 0
A9: 1008 | B9: Constance Boone | C9: Chemistry | D9: 42536 | E9: 22 | F9: 0
A10: 1009 | B10: Giselle Lancaster | C10: Chemistry | D10: 42536 | E10: 46 | F10: 0
A11: 1010 | B11: Kirsten Mcdowell | C11: Chemistry | D11: 42536 | E11: 100 | F11: 1
A12: 1011 | B12: Solomon Ray | C12: Chemistry | D12: 42536 | E12: 92 | F12: 1
A13: 1012 | B13: John Marshall | C13: Chemistry | D13: 42536 | E13: 1 | F13: 0
... A28: 1027 | B28: Quinn Mayo | C28: Chemistry | D28: 42536 | E28: 38 | F28: 0

Sheet Chemistry
A1: StudentID | B1: Student name | C1: Exam name | D1: Exam date | E1: Exam points | F1: Strengths/weakness
A2: 1001 | B2: James Walker | C2: Chemistry | D2: 15/06/2016 | E2: 52 | F2: =IF(E2>=60,1,0) -> 0
A3: 1002 | B3: Velma Clemons | C3: Chemistry | D3: 15/06/2016 | E3: 20 | F3: =IF(E3>=60,1,0) -> 0
A4: 1003 | B4: Kibo Underwood | C4: Chemistry | D4: 15/06/2016 | E4: 32 | F4: =IF(E4>=60,1,0) -> 0
A5: 1004 | B5: Louis Mcgee | C5: Chemistry | D5: 15/06/2016 | E5: 19 | F5: =IF(E5>=60,1,0) -> 0
A6: 1005 | B6: Phyllis Paul | C6: Chemistry | D6: 15/06/2016 | E6: 61 | F6: =IF(E6>=60,1,0) -> 1
A7: 1006 | B7: Zenaida Decker | C7: Chemistry | D7: 15/06/2016 | E7: 34 | F7: =IF(E7>=60,1,0) -> 0
A8: 1007 | B8: Gillian Tillman | C8: Chemistry | D8: 15/06/2016 | E8: 9 | F8: =IF(E8>=60,1,0) -> 0
A9: 1008 | B9: Constance Boone | C9: Chemistry | D9: 15/06/2016 | E9: 22 | F9: =IF(E9>=60,1,0) -> 0
A10: 1009 | B10: Giselle Lancaster | C10: Chemistry | D10: 15/06/2016 | E10: 46 | F10: =IF(E10>=60,1,0) -> 0
A11: 1010 | B11: Kirsten Mcdowell | C11: Chemistry | D11: 15/06/2016 | E11: 100 | F11: =IF(E11>=60,1,0) -> 1
A12: 1011 | B12: Solomon Ray | C12: Chemistry | D12: 15/06/2016 | E12: 92 | F12: =IF(E12>=60,1,0) -> 1
A13: 1012 | B13: John Marshall | C13: Chemistry | D13: 15/06/2016 | E13: 1 | F13: =IF(E13>=60,1,0) -> 0
... A28: 1027 | B28: Quinn Mayo | C28: Chemistry | D28: 15/06/2016 | E28: 38 | F28: =IF(E28>=60,1,0) -> 0

Sheet mathematics (2)
A1: StudentID | B1: Student name | C1: Exam name | D1: Exam date | E1: Exam points | F1: Strengths/weakness
A2: 1001 | B2: James Walker | C2: Mathematics | D2: 42580 | E2: 48 | F2: 0
A3: 1002 | B3: Velma Clemons | C3: Mathematics | D3: 42580 | E3: 5 | F3: 0
A4: 1003 | B4: Kibo Underwood | C4: Mathematics | D4: 42580 | E4: 7 | F4: 0
A5: 1004 | B5: Louis Mcgee | C5: Mathematics | D5: 42580 | E5: 70 | F5: 1
A6: 1005 | B6: Phyllis Paul | C6: Mathematics | D6: 42580 | E6: 73 | F6: 1
A7: 1006 | B7: Zenaida Decker | C7: Mathematics | D7: 42580 | E7: 59 | F7: 0
A8: 1007 | B8: Gillian Tillman | C8: Mathematics | D8: 42580 | E8: 23 | F8: 0
A9: 1008 | B9: Constance Boone | C9: Mathematics | D9: 42580 | E9: 72 | F9: 1
A10: 1009 | B10: Giselle Lancaster | C10: Mathematics | D10: 42580 | E10: 31 | F10: 0
A11: 1010 | B11: Kirsten Mcdowell | C11: Mathematics | D11: 42580 | E11: 74 | F11: 1
A12: 1011 | B12: Solomon Ray | C12: Mathematics | D12: 42580 | E12: 91 | F12: 1
A13: 1012 | B13: John Marshall | C13: Mathematics | D13: 42580 | E13: 53 | F13: 0
... A38: 1037 | B38: Nasim Sampson | C38: Mathematics | D38: 42580 | E38: 51 | F38: 0

Sheet Mathematics
A1: StudentID | B1: Student name | C1: Exam name | D1: Exam date | E1: Exam points | F1: Strengths/weakness
A2: 1001 | B2: James Walker | C2: Mathematics | D2: 29/07/2016 | E2: 48 | F2: =IF(E2>=60,1,0) -> 0
A3: 1002 | B3: Velma Clemons | C3: Mathematics | D3: 29/07/2016 | E3: 5 | F3: =IF(E3>=60,1,0) -> 0
A4: 1003 | B4: Kibo Underwood | C4: Mathematics | D4: 29/07/2016 | E4: 7 | F4: =IF(E4>=60,1,0) -> 0
A5: 1004 | B5: Louis Mcgee | C5: Mathematics | D5: 29/07/2016 | E5: 70 | F5: =IF(E5>=60,1,0) -> 1
A6: 1005 | B6: Phyllis Paul | C6: Mathematics | D6: 29/07/2016 | E6: 73 | F6: =IF(E6>=60,1,0) -> 1
A7: 1006 | B7: Zenaida Decker | C7: Mathematics | D7: 29/07/2016 | E7: 59 | F7: =IF(E7>=60,1,0) -> 0
A8: 1007 | B8: Gillian Tillman | C8: Mathematics | D8: 29/07/2016 | E8: 23 | F8: =IF(E8>=60,1,0) -> 0
A9: 1008 | B9: Constance Boone | C9: Mathematics | D9: 29/07/2016 | E9: 72 | F9: =IF(E9>=60,1,0) -> 1
A10: 1009 | B10: Giselle Lancaster | C10: Mathematics | D10: 29/07/2016 | E10: 31 | F10: =IF(E10>=60,1,0) -> 0
A11: 1010 | B11: Kirsten Mcdowell | C11: Mathematics | D11: 29/07/2016 | E11: 74 | F11: =IF(E11>=60,1,0) -> 1
A12: 1011 | B12: Solomon Ray | C12: Mathematics | D12: 29/07/2016 | E12: 91 | F12: =IF(E12>=60,1,0) -> 1
A13: 1012 | B13: John Marshall | C13: Mathematics | D13: 29/07/2016 | E13: 53 | F13: =IF(E13>=60,1,0) -> 0
... A38: 1037 | B38: Nasim Sampson | C38: Mathematics | D38: 29/07/2016 | E38: 51 | F38: =IF(E38>=60,1,0) -> 0

Sheet philosophy (2)
A1: StudentID | B1: Student name | C1: Exam name | D1: Exam date | E1: Exam points | F1: Strengths/weakness
A2: 1001 | B2: James Walker | C2: Philosophy | D2: 42523 | E2: 35 | F2: 0
A3: 1002 | B3: Velma Clemons | C3: Philosophy | D3: 42523 | E3: 66 | F3: 1
A4: 1003 | B4: Kibo Underwood | C4: Philosophy | D4: 42523 | E4: 29 | F4: 0
A5: 1004 | B5: Louis Mcgee | C5: Philosophy | D5: 42523 | E5: 91 | F5: 1
A6: 1005 | B6: Phyllis Paul | C6: Philosophy | D6: 42523 | E6: 63 | F6: 1
A7: 1006 | B7: Zenaida Decker | C7: Philosophy | D7: 42523 | E7: 16 | F7: 0
A8: 1007 | B8: Gillian Tillman | C8: Philosophy | D8: 42523 | E8: 10 | F8: 0
A9: 1008 | B9: Constance Boone | C9: Philosophy | D9: 42523 | E9: 23 | F9: 0
A10: 1009 | B10: Giselle Lancaster | C10: Philosophy | D10: 42523 | E10: 72 | F10: 1
A11: 1010 | B11: Kirsten Mcdowell | C11: Philosophy | D11: 42523 | E11: 93 | F11: 1
A12: 1011 | B12: Solomon Ray | C12: Philosophy | D12: 42523 | E12: 10 | F12: 0
A13: 1012 | B13: John Marshall | C13: Philosophy | D13: 42523 | E13: 99 | F13: 1
... A39: 1038 | B39: Yoshi Sherman | C39: Philosophy | D39: 42523 | E39: 52 | F39: 0

Sheet Philosophy
A1: StudentID | B1: Student name | C1: Exam name | D1: Exam date | E1: Exam points | F1: Strengths/weakness
A2: 1001 | B2: James Walker | C2: Philosophy | D2: 02/06/2016 | E2: 35 | F2: =IF(E2>=60,1,0) -> 0
A3: 1002 | B3: Velma Clemons | C3: Philosophy | D3: 02/06/2016 | E3: 66 | F3: =IF(E3>=60,1,0) -> 1
A4: 1003 | B4: Kibo Underwood | C4: Philosophy | D4: 02/06/2016 | E4: 29 | F4: =IF(E4>=60,1,0) -> 0
A5: 1004 | B5: Louis Mcgee | C5: Philosophy | D5: 02/06/2016 | E5: 91 | F5: =IF(E5>=60,1,0) -> 1
A6: 1005 | B6: Phyllis Paul | C6: Philosophy | D6: 02/06/2016 | E6: 63 | F6: =IF(E6>=60,1,0) -> 1
A7: 1006 | B7: Zenaida Decker | C7: Philosophy | D7: 02/06/2016 | E7: 16 | F7: =IF(E7>=60,1,0) -> 0
A8: 1007 | B8: Gillian Tillman | C8: Philosophy | D8: 02/06/2016 | E8: 10 | F8: =IF(E8>=60,1,0) -> 0
A9: 1008 | B9: Constance Boone | C9: Philosophy | D9: 02/06/2016 | E9: 23 | F9: =IF(E9>=60,1,0) -> 0
A10: 1009 | B10: Giselle Lancaster | C10: Philosophy | D10: 02/06/2016 | E10: 72 | F10: =IF(E10>=60,1,0) -> 1
A11: 1010 | B11: Kirsten Mcdowell | C11: Philosophy | D11: 02/06/2016 | E11: 93 | F11: =IF(E11>=60,1,0) -> 1
A12: 1011 | B12: Solomon Ray | C12: Philosophy | D12: 02/06/2016 | E12: 10 | F12: =IF(E12>=60,1,0) -> 0
A13: 1012 | B13: John Marshall | C13: Philosophy | D13: 02/06/2016 | E13: 99 | F13: =IF(E13>=60,1,0) -> 1
... A39: 1038 | B39: Yoshi Sherman | C39: Philosophy | D39: 02/06/2016 | E39: 52 | F39: =IF(E39>=60,1,0) -> 0

Sheet physics (2)
A1: StudentID | B1: Student name | C1: Exam name | D1: Exam date | E1: Exam points | F1: Strengths/weakness
A2: 1001 | B2: James Walker | C2: Physics | D2: 42531 | E2: 69 | F2: 1
A3: 1002 | B3: Velma Clemons | C3: Physics | D3: 42531 | E3: 95 | F3: 1
A4: 1003 | B4: Kibo Underwood | C4: Physics | D4: 42531 | E4: 33 | F4: 0
A5: 1004 | B5: Louis Mcgee | C5: Physics | D5: 42531 | E5: 76 | F5: 1
A6: 1005 | B6: Phyllis Paul | C6: Physics | D6: 42531 | E6: 20 | F6: 0
A7: 1006 | B7: Zenaida Decker | C7: Physics | D7: 42531 | E7: 10 | F7: 0
A8: 1007 | B8: Gillian Tillman | C8: Physics | D8: 42531 | E8: 72 | F8: 1
A9: 1008 | B9: Constance Boone | C9: Physics | D9: 42531 | E9: 80 | F9: 1
A10: 1009 | B10: Giselle Lancaster | C10: Physics | D10: 42531 | E10: 22 | F10: 0
A11: 1010 | B11: Kirsten Mcdowell | C11: Physics | D11: 42531 | E11: 8 | F11: 0
A12: 1011 | B12: Solomon Ray | C12: Physics | D12: 42531 | E12: 100 | F12: 1
A13: 1012 | B13: John Marshall | C13: Physics | D13: 42531 | E13: 49 | F13: 0
... A22: 1021 | B22: Noelle Valentine | C22: Physics | D22: 42531 | E22: 26 | F22: 0

Sheet Physics
A1: StudentID | B1: Student name | C1: Exam name | D1: Exam date | E1: Exam points | F1: Strengths/weakness
A2: 1001 | B2: James Walker | C2: Physics | D2: 10/06/2016 | E2: 69 | F2: =IF(E2>=60,1,0) -> 1
A3: 1002 | B3: Velma Clemons | C3: Physics | D3: 10/06/2016 | E3: 95 | F3: =IF(E3>=60,1,0) -> 1
A4: 1003 | B4: Kibo Underwood | C4: Physics | D4: 10/06/2016 | E4: 33 | F4: =IF(E4>=60,1,0) -> 0
A5: 1004 | B5: Louis Mcgee | C5: Physics | D5: 10/06/2016 | E5: 76 | F5: =IF(E5>=60,1,0) -> 1
A6: 1005 | B6: Phyllis Paul | C6: Physics | D6: 10/06/2016 | E6: 20 | F6: =IF(E6>=60,1,0) -> 0
A7: 1006 | B7: Zenaida Decker | C7: Physics | D7: 10/06/2016 | E7: 10 | F7: =IF(E7>=60,1,0) -> 0
A8: 1007 | B8: Gillian Tillman | C8: Physics | D8: 10/06/2016 | E8: 72 | F8: =IF(E8>=60,1,0) -> 1
A9: 1008 | B9: Constance Boone | C9: Physics | D9: 10/06/2016 | E9: 80 | F9: =IF(E9>=60,1,0) -> 1
A10: 1009 | B10: Giselle Lancaster | C10: Physics | D10: 10/06/2016 | E10: 22 | F10: =IF(E10>=60,1,0) -> 0
A11: 1010 | B11: Kirsten Mcdowell | C11: Physics | D11: 10/06/2016 | E11: 8 | F11: =IF(E11>=60,1,0) -> 0
A12: 1011 | B12: Solomon Ray | C12: Physics | D12: 10/06/2016 | E12: 100 | F12: =IF(E12>=60,1,0) -> 1
A13: 1012 | B13: John Marshall | C13: Physics | D13: 10/06/2016 | E13: 49 | F13: =IF(E13>=60,1,0) -> 0
... A22: 1021 | B22: Noelle Valentine | C22: Physics | D22: 10/06/2016 | E22: 26 | F22: =IF(E22>=60,1,0) -> 0

Sheet sociology(2)
A1: StudentID | B1: Student name | C1: Exam name | D1: Exam date | E1: Exam points | F1: Strengths/weakness
A2: 1001 | B2: James Walker | C2: Sociology | D2: 42542 | E2: 70 | F2: 1
A3: 1002 | B3: Velma Clemons | C3: Sociology | D3: 42542 | E3: 37 | F3: 0
A4: 1003 | B4: Kibo Underwood | C4: Sociology | D4: 42542 | E4: 68 | F4: 1
A5: 1004 | B5: Louis Mcgee | C5: Sociology | D5: 42542 | E5: 60 | F5: 1
A6: 1005 | B6: Phyllis Paul | C6: Sociology | D6: 42542 | E6: 98 | F6: 1
A7: 1006 | B7: Zenaida Decker | C7: Sociology | D7: 42542 | E7: 20 | F7: 0
A8: 1007 | B8: Gillian Tillman | C8: Sociology | D8: 42542 | E8: 32 | F8: 0
A9: 1008 | B9: Constance Boone | C9: Sociology | D9: 42542 | E9: 40 | F9: 0
A10: 1009 | B10: Giselle Lancaster | C10: Sociology | D10: 42542 | E10: 97 | F10: 1
A11: 1010 | B11: Kirsten Mcdowell | C11: Sociology | D11: 42542 | E11: 1 | F11: 0
A12: 1011 | B12: Solomon Ray | C12: Sociology | D12: 42542 | E12: 6 | F12: 0
A13: 1012 | B13: John Marshall | C13: Sociology | D13: 42542 | E13: 39 | F13: 0
... A40: 1039 | B40: Stacy Small | C40: Sociology | D40: 42542 | E40: 96 | F40: 1

Sheet Sociology
A1: StudentID | B1: Student name | C1: Exam name | D1: Exam date | E1: Exam points | F1: Strengths/weakness
A2: 1001 | B2: James Walker | C2: Sociology | D2: 21/06/2016 | E2: 70 | F2: =IF(E2>=60,1,0) -> 1
A3: 1002 | B3: Velma Clemons | C3: Sociology | D3: 21/06/2016 | E3: 37 | F3: =IF(E3>=60,1,0) -> 0
A4: 1003 | B4: Kibo Underwood | C4: Sociology | D4: 21/06/2016 | E4: 68 | F4: =IF(E4>=60,1,0) -> 1
A5: 1004 | B5: Louis Mcgee | C5: Sociology | D5: 21/06/2016 | E5: 60 | F5: =IF(E5>=60,1,0) -> 1
A6: 1005 | B6: Phyllis Paul | C6: Sociology | D6: 21/06/2016 | E6: 98 | F6: =IF(E6>=60,1,0) -> 1
A7: 1006 | B7: Zenaida Decker | C7: Sociology | D7: 21/06/2016 | E7: 20 | F7: =IF(E7>=60,1,0) -> 0
A8: 1007 | B8: Gillian Tillman | C8: Sociology | D8: 21/06/2016 | E8: 32 | F8: =IF(E8>=60,1,0) -> 0
A9: 1008 | B9: Constance Boone | C9: Sociology | D9: 21/06/2016 | E9: 40 | F9: =IF(E9>=60,1,0) -> 0
A10: 1009 | B10: Giselle Lancaster | C10: Sociology | D10: 21/06/2016 | E10: 97 | F10: =IF(E10>=60,1,0) -> 1
A11: 1010 | B11: Kirsten Mcdowell | C11: Sociology | D11: 21/06/2016 | E11: 1 | F11: =IF(E11>=60,1,0) -> 0
A12: 1011 | B12: Solomon Ray | C12: Sociology | D12: 21/06/2016 | E12: 6 | F12: =IF(E12>=60,1,0) -> 0
A13: 1012 | B13: John Marshall | C13: Sociology | D13: 21/06/2016 | E13: 39 | F13: =IF(E13>=60,1,0) -> 0
... A40: 1039 | B40: Stacy Small | C40: Sociology | D40: 21/06/2016 | E40: 96 | F40: =IF(E40>=60,1,0) -> 1

Sheet Student Details
A1: Student names | B1: StudentID | C1: Age | D1: Gender | E1: Ethnicity | F1: ParentalEducation | G1: StudyTimeWeekly | H1: Absences | I1: Tutoring | J1: ParentalSupport | K1: Extracurricular | L1: Sports | M1: Music | N1: Volunteering | O1: GPA | P1: GradeClass | Q1: High Performace Group | R1: GPA High and low | S1: Strong
A2: James Walker | B2: 1001 | C2: 17 | D2: 1 | E2: 0 | F2: 2 | G2: 19.833723 | H2: 7 | I2: 1 | J2: 2 | K2: 0 | L2: 0 | M2: 1 | N2: 0 | O2: 2.9291956 | P2: 2 | Q2: =IF(AND(G2>=15,H2<=10),"Yes","No") -> Yes | R2: =IF(O2>=2.5,"High","Low") -> High | S2: =IF(AND(Q2="Yes",R2="High"),"Strong","Weak") -> Strong
A3: Velma Clemons | B3: 1002 | C3: 18 | D3: 0 | E3: 0 | F3: 1 | G3: 15.408756 | H3: 0 | I3: 0 | J3: 1 | K3: 0 | L3: 0 | M3: 0 | N3: 0 | O3: 3.0429148 | P3: 1 | Q3: =IF(AND(G3>=15,H3<=10),"Yes","No") -> Yes | R3: =IF(O3>=2.5,"High","Low") -> High | S3: =IF(AND(Q2="Yes",R2="High"),"Strong","Weak") -> Strong
A4: Kibo Underwood | B4: 1003 | C4: 15 | D4: 0 | E4: 2 | F4: 3 | G4: 4.2105698 | H4: 26 | I4: 0 | J4: 2 | K4: 0 | L4: 0 | M4: 0 | N4: 0 | O4: 0.11260225 | P4: 4 | Q4: =IF(AND(G4>=15,H4<=10),"Yes","No") -> No | R4: =IF(O4>=2.5,"High","Low") -> Low | S4: =IF(AND(Q2="Yes",R2="High"),"Strong","Weak") -> Strong
A5: Louis Mcgee | B5: 1004 | C5: 17 | D5: 1 | E5: 0 | F5: 3 | G5: 10.028829 | H5: 14 | I5: 0 | J5: 3 | K5: 1 | L5: 0 | M5: 0 | N5: 0 | O5: 2.0542181 | P5: 3 | Q5: =IF(AND(G5>=15,H5<=10),"Yes","No") -> No | R5: =IF(O5>=2.5,"High","Low") -> Low | S5: =IF(AND(Q4="Yes",R4="High"),"Strong","Weak") -> Weak
A6: Phyllis Paul | B6: 1005 | C6: 17 | D6: 1 | E6: 0 | F6: 2 | G6: 4.6724953 | H6: 17 | I6: 1 | J6: 3 | K6: 0 | L6: 0 | M6: 0 | N6: 0 | O6: 1.2880612 | P6: 4 | Q6: =IF(AND(G6>=15,H6<=10),"Yes","No") -> No | R6: =IF(O6>=2.5,"High","Low") -> Low | S6: =IF(AND(Q5="Yes",R5="High"),"Strong","Weak") -> Weak
A7: Zenaida Decker | B7: 1006 | C7: 18 | D7: 0 | E7: 0 | F7: 1 | G7: 8.1912185 | H7: 0 | I7: 0 | J7: 1 | K7: 1 | L7: 0 | M7: 0 | N7: 0 | O7: 3.0841836 | P7: 1 | Q7: =IF(AND(G7>=15,H7<=10),"Yes","No") -> No | R7: =IF(O7>=2.5,"High","Low") -> High | S7: =IF(AND(Q6="Yes",R6="High"),"Strong","Weak") -> Weak
A8: Gillian Tillman | B8: 1007 | C8: 15 | D8: 0 | E8: 1 | F8: 1 | G8: 15.60168 | H8: 10 | I8: 0 | J8: 3 | K8: 0 | L8: 1 | M8: 0 | N8: 0 | O8: 2.7482374 | P8: 2 | Q8: =IF(AND(G8>=15,H8<=10),"Yes","No") -> Yes | R8: =IF(O8>=2.5,"High","Low") -> High | S8: =IF(AND(Q7="Yes",R7="High"),"Strong","Weak") -> Weak
A9: Constance Boone | B9: 1008 | C9: 15 | D9: 1 | E9: 1 | F9: 4 | G9: 15.424496 | H9: 22 | I9: 1 | J9: 1 | K9: 1 | L9: 0 | M9: 0 | N9: 0 | O9: 1.3601427 | P9: 4 | Q9: =IF(AND(G9>=15,H9<=10),"Yes","No") -> No | R9: =IF(O9>=2.5,"High","Low") -> Low | S9: =IF(AND(Q8="Yes",R8="High"),"Strong","Weak") -> Strong
A10: Giselle Lancaster | B10: 1009 | C10: 17 | D10: 0 | E10: 0 | F10: 0 | G10: 4.5620076 | H10: 1 | I10: 0 | J10: 2 | K10: 0 | L10: 1 | M10: 0 | N10: 1 | O10: 2.8968192 | P10: 2 | Q10: =IF(AND(G10>=15,H10<=10),"Yes","No") -> No | R10: =IF(O10>=2.5,"High","Low") -> High | S10: =IF(AND(Q9="Yes",R9="High"),"Strong","Weak") -> Weak
A11: Kirsten Mcdowell | B11: 1010 | C11: 16 | D11: 1 | E11: 0 | F11: 1 | G11: 18.444466 | H11: 0 | I11: 0 | J11: 3 | K11: 1 | L11: 0 | M11: 0 | N11: 0 | O11: 3.5734742 | P11: 0 | Q11: =IF(AND(G11>=15,H11<=10),"Yes","No") -> Yes | R11: =IF(O11>=2.5,"High","Low") -> High | S11: =IF(AND(Q10="Yes",R10="High"),"Strong","Weak") -> Weak
A12: Solomon Ray | B12: 1011 | C12: 17 | D12: 0 | E12: 0 | F12: 1 | G12: 11.851364 | H12: 11 | I12: 0 | J12: 1 | K12: 0 | L12: 0 | M12: 0 | N12: 0 | O12: 2.1471716 | P12: 3 | Q12: =IF(AND(G12>=15,H12<=10),"Yes","No") -> No | R12: =IF(O12>=2.5,"High","Low") -> Low | S12: =IF(AND(Q11="Yes",R11="High"),"Strong","Weak") -> Strong
A13: John Marshall | B13: 1012 | C13: 17 | D13: 0 | E13: 0 | F13: 1 | G13: 7.5984858 | H13: 15 | I13: 0 | J13: 2 | K13: 0 | L13: 0 | M13: 0 | N13: 1 | O13: 1.5595945 | P13: 4 | Q13: =IF(AND(G13>=15,H13<=10),"Yes","No") -> No | R13: =IF(O13>=2.5,"High","Low") -> Low | S13: =IF(AND(Q12="Yes",R12="High"),"Strong","Weak") -> Weak
A14: Merrill Carney | B14: 1013 | C14: 17 | D14: 0 | E14: 1 | F14: 1 | G14: 10.038712 | H14: 21 | I14: 0 | J14: 3 | K14: 1 | L14: 0 | M14: 0 | N14: 0 | O14: 1.5200778 | P14: 4 | Q14: =IF(AND(G14>=15,H14<=10),"Yes","No") -> No | R14: =IF(O14>=2.5,"High","Low") -> Low | S14: =IF(AND(Q13="Yes",R13="High"),"Strong","Weak") -> Weak
A15: Hakeem Gillespie | B15: 1014 | C15: 17 | D15: 0 | E15: 1 | F15: 2 | G15: 12.101425 | H15: 21 | I15: 0 | J15: 4 | K15: 0 | L15: 1 | M15: 0 | N15: 0 | O15: 1.751581 | P15: 4 | Q15: =IF(AND(G15>=15,H15<=10),"Yes","No") -> No | R15: =IF(O15>=2.5,"High","Low") -> Low | S15: =IF(AND(Q14="Yes",R14="High"),"Strong","Weak") -> Weak
A16: Hayden Boyer | B16: 1015 | C16: 18 | D16: 1 | E16: 0 | F16: 1 | G16: 11.197811 | H16: 9 | I16: 1 | J16: 2 | K16: 0 | L16: 0 | M16: 0 | N16: 0 | O16: 2.3967881 | P16: 3 | Q16: =IF(AND(G16>=15,H16<=10),"Yes","No") -> No | R16: =IF(O16>=2.5,"High","Low") -> Low | S16: =IF(AND(Q15="Yes",R15="High"),"Strong","Weak") -> Weak
... A40: Stacy Small | B40: 1039 | C40: 15 | D40: 1 | E40: 1 | F40: 1 | G40: 2.9490783 | H40: 3 | I40: 1 | J40: 1 | K40: 1 | L40: 1 | M40: 0 | N40: 0 | O40: 3.0189059 | P40: 1 | Q40: =IF(AND(G40>=15,H40<=10),"Yes","No") -> No | R40: =IF(O40>=2.5,"High","Low") -> High | S40: =IF(AND(Q39="Yes",R39="High"),"Strong","Weak") -> Weak
S43: =COUNTIF(tble_students[Strong],"Strong") -> 6
S44: =COUNTIF(tble_students[Strong],"Weak") -> 33

Sheet prepare
A3: Select Students | B3: Nasim Sampson | D3: Performace | E3: Count
A4: Student Id | B4: =_xlfn.XLOOKUP(B3,tble_students[Student names],tble_students[StudentID]) -> 1037 | D4: strong
A5: Age | B5: =_xlfn.XLOOKUP(B3,tble_students[Student names],tble_students[Age]) -> 18 | D5: weakness | E5: =COUNTIFS(marks_tble[Student name],prepare!B3,marks_tble[Strengths/weakness],0) -> 2
A6: Gender | B6: =IF(_xlfn.XLOOKUP(B3,tble_students[Student names],tble_students[Gender])=1,"Male","Female") -> Female
A7: GPA | B7: =_xlfn.XLOOKUP(B3,tble_students[Student names],tble_students[GPA]) -> 0.21828486
A8: Study Time | B8: =_xlfn.XLOOKUP(B3,tble_students[Student names],tble_students[StudyTimeWeekly]) -> 5.3441979 | D8: Strength Subjects
A9: Absences | B9: =_xlfn.XLOOKUP(B3,tble_students[Student names],tble_students[Absences]) -> 26 | D9: Weak subjects | F9: {=_xlfn.TEXTJOIN(", ",TRUE,_xlfn._xlws.FILTER(marks_tble[Exam name],(marks_tble[Student name]=prepare!B3)*(marks_tble[Strengths/weakness]=0)))} -> Mathematics, Sociology
A12: Subject | B12: Marks
A13: Biology | B13: =SUMIFS(marks_tble[Exam points], marks_tble[Student name], dashboard!B4,marks_tble[Exam name],A13) -> 31 | D13: =AVERAGE(B13:$B18) -> 50.833333
A14: Chemistry | B14: =SUMIFS(marks_tble[Exam points], marks_tble[Student name], dashboard!B4,marks_tble[Exam name],A14) -> 52
A15: Mathematics | B15: =SUMIFS(marks_tble[Exam points], marks_tble[Student name], dashboard!B4,marks_tble[Exam name],A15) -> 48
A16: Philosophy | B16: =SUMIFS(marks_tble[Exam points], marks_tble[Student name], dashboard!B4,marks_tble[Exam name],A16) -> 35
A17: Physics | B17: =SUMIFS(marks_tble[Exam points], marks_tble[Student name], dashboard!B4,marks_tble[Exam name],A17) -> 69 | N17: Absence Comparison
A18: Sociology | B18: =SUMIFS(marks_tble[Exam points], marks_tble[Student name], dashboard!B4,marks_tble[Exam name],A18) -> 70 | N18: type | O18: Days
N19: Absent days | O19: =_xlfn.XLOOKUP(dashboard!B4,tble_students[Student names],tble_students[Absences]) -> 7
A20: Study Time Comparison | N20: Average | O20: =AVERAGE(tble_students[Absences]) -> 14.615385
A21: Type
A22: Hours | B22: =_xlfn.XLOOKUP(dashboard!B4,tble_students[Student names],tble_students[StudyTimeWeekly]) -> 19.833723
A23: Average | B23: =AVERAGE(dashboard!B4,tble_students[StudyTimeWeekly]) -> 9.9480694

Sheet dashboard
A4: Select Students | B4: James Walker
A5: Student Id | B5: =_xlfn.XLOOKUP(B4,tble_students[Student names],tble_students[StudentID]) -> 1001
A6: Age | B6: =_xlfn.XLOOKUP(B4,tble_students[Student names],tble_students[Age]) -> 17
A7: Gender | B7: =IF(_xlfn.XLOOKUP(B4,tble_students[Student names],tble_students[Gender])=1,"Male","Female") -> Male
A8: GPA | B8: =_xlfn.XLOOKUP(B4,tble_students[Student names],tble_students[GPA]) -> 2.9291956
A9: Study Time | B9: =_xlfn.XLOOKUP(B4,tble_students[Student names],tble_students[StudyTimeWeekly]) -> 19.833723
A10: Absences | B10: =_xlfn.XLOOKUP(B4,tble_students[Student names],tble_students[Absences]) -> 7
A13: Subject | B13: Marks
A14: Biology | B14: =SUMIFS(marks_tble[Exam points], marks_tble[Student name], B4,marks_tble[Exam name],A14) -> 31
A15: Chemistry | B15: =SUMIFS(marks_tble[Exam points], marks_tble[Student name], B4,marks_tble[Exam name],A15) -> 52
A16: Mathematics | B16: =SUMIFS(marks_tble[Exam points], marks_tble[Student name], B4,marks_tble[Exam name],A16) -> 48 | D16: Strength Subjects | E16: {=_xlfn.TEXTJOIN(", ",TRUE,_xlfn._xlws.FILTER(marks_tble[Exam name],(marks_tble[Student name]=B4)*(marks_tble[Strengths/weakness]=1)))} -> Physics, Sociology
A17: Philosophy | B17: =SUMIFS(marks_tble[Exam points], marks_tble[Student name], B4,marks_tble[Exam name],A17) -> 35 | D17: Weak Subjects | E17: {=_xlfn.TEXTJOIN(", ",TRUE,_xlfn._xlws.FILTER(marks_tble[Exam name],(marks_tble[Student name]=B4)*(marks_tble[Strengths/weakness]=0)))} -> Biology, Chemistry, Mathematics, Philosophy
A18: Physics | B18: =SUMIFS(marks_tble[Exam points], marks_tble[Student name], B4,marks_tble[Exam name],A18) -> 69
A19: Sociology | B19: =SUMIFS(marks_tble[Exam points], marks_tble[Student name], B4,marks_tble[Exam name],A19) -> 70
A51: Performace | B51: Count | C51: =1 -(B10/100) -> 0.93 | D51: =AVERAGE(B14:B19) -> 50.833333 | F51: =_xlfn.RANK.EQ(B8,tble_students[GPA],0) -> 7
A52: Strength | B52: =COUNTIFS(marks_tble[Student name],B4,marks_tble[Strengths/weakness],1) -> 2 | H52: =VLOOKUP(B4,tble_students[[Student names]:[Sports]],12,FALSE) -> 0 | I52: =IF(H52=1,"Yes","No") -> No | K52: =VLOOKUP(B4,tble_students[[Student names]:[Music]],13,FALSE) -> 1 | L52: =IF(K52=1,"Yes","No") -> Yes
A53: weakness | B53: =COUNTIFS(marks_tble[Student name],B4,marks_tble[Strengths/weakness],0) -> 4
F59: =VLOOKUP(B4,tble_students[[Student names]:[Extracurricular]],11,FALSE) -> 0 | G59: =IF(F59=1,"Yes","No") -> No | I59: =VLOOKUP(B4,tble_students[],16,FALSE) -> 2 | J59: =IF(I59=1,"Excellent",IF(I59=2,"Good",IF(I59=3,"Average","Poor"))) -> Good
B63: =VLOOKUP(B4,tble_students[[Student names]:[Tutoring]],9,FALSE) -> 1 | D63: =IF(B63=1,"Yes","No") -> Yes
J64: =VLOOKUP(B4,tble_students[[Student names]:[Volunteering]],14,FALSE) -> 0 | K64: =IF(J64=1,"Yes","No") -> No
D66: =VLOOKUP(B4,tble_students[[Student names]:[ParentalSupport]],10,FALSE) -> 2 | E66: =IF(D66=1,"Low",IF(D66=2,"Medium",IF(D66=3,"High","Very High"))) -> Medium | H66: Category | I66: Count
H67: Strong | I67: =COUNTIF(tble_students[Strong],"Strong") -> 6
F68: Weak | G68: =COUNTIF(tble_students[Strong],"Weak") -> 33

Sheet marks table
A1: StudentID | B1: Student name | C1: Exam name | D1: Exam date | E1: Exam points | F1: Strengths/weakness
A2: 1001 | B2: James Walker | C2: Biology | D2: 42526 | E2: 31 | F2: 0
A3: 1001 | B3: James Walker | C3: Chemistry | D3: 42536 | E3: 52 | F3: 0
A4: 1001 | B4: James Walker | C4: Mathematics | D4: 42580 | E4: 48 | F4: 0
A5: 1001 | B5: James Walker | C5: Philosophy | D5: 42523 | E5: 35 | F5: 0
A6: 1001 | B6: James Walker | C6: Physics | D6: 42531 | E6: 69 | F6: 1
A7: 1001 | B7: James Walker | C7: Sociology | D7: 42542 | E7: 70 | F7: 1
A8: 1002 | B8: Velma Clemons | C8: Biology | D8: 42526 | E8: 43 | F8: 0
A9: 1002 | B9: Velma Clemons | C9: Chemistry | D9: 42536 | E9: 20 | F9: 0
A10: 1002 | B10: Velma Clemons | C10: Mathematics | D10: 42580 | E10: 5 | F10: 0
A11: 1002 | B11: Velma Clemons | C11: Philosophy | D11: 42523 | E11: 66 | F11: 1
A12: 1002 | B12: Velma Clemons | C12: Physics | D12: 42531 | E12: 95 | F12: 1
A13: 1002 | B13: Velma Clemons | C13: Sociology | D13: 42542 | E13: 37 | F13: 0
... A201: 1039 | B201: Stacy Small | C201: Sociology | D201: 42542 | E201: 96 | F201: 1
